,Kernel,Length Scale,Bounds,Kernel Parameters,LML
516,RationalQuadratic,2.06913808111479,"(0.01, 70.0)","RationalQuadratic(alpha=1, length_scale=2.07)",-1.031545367776749
515,RationalQuadratic,2.06913808111479,"(0.01, 60.0)","RationalQuadratic(alpha=1, length_scale=2.07)",-1.031545367776749
512,RationalQuadratic,2.06913808111479,"(0.01, 30.0)","RationalQuadratic(alpha=1, length_scale=2.07)",-1.031545367776749
513,RationalQuadratic,2.06913808111479,"(0.01, 40.0)","RationalQuadratic(alpha=1, length_scale=2.07)",-1.031545367776749
514,RationalQuadratic,2.06913808111479,"(0.01, 50.0)","RationalQuadratic(alpha=1, length_scale=2.07)",-1.031545367776749
511,RationalQuadratic,2.06913808111479,"(0.01, 20.0)","RationalQuadratic(alpha=1, length_scale=2.07)",-1.031545367776749
510,RationalQuadratic,2.06913808111479,"(0.01, 10.0)","RationalQuadratic(alpha=1, length_scale=2.07)",-1.031545367776749
517,RationalQuadratic,2.06913808111479,"(0.01, 80.0)","RationalQuadratic(alpha=1, length_scale=2.07)",-1.031545367776749
519,RationalQuadratic,2.06913808111479,"(0.01, 100.0)","RationalQuadratic(alpha=1, length_scale=2.07)",-1.031545367776749
518,RationalQuadratic,2.06913808111479,"(0.01, 90.0)","RationalQuadratic(alpha=1, length_scale=2.07)",-1.031545367776749
529,RationalQuadratic,3.359818286283781,"(0.01, 100.0)","RationalQuadratic(alpha=1, length_scale=3.36)",-1.0315453677767525
583,RationalQuadratic,61.584821106602604,"(0.01, 40.0)","RationalQuadratic(alpha=1, length_scale=61.6)",-1.0315453677767543
533,RationalQuadratic,5.455594781168514,"(0.01, 40.0)","RationalQuadratic(alpha=1, length_scale=5.46)",-1.0315453677767543
453,RationalQuadratic,0.11288378916846889,"(0.01, 40.0)","RationalQuadratic(alpha=1, length_scale=0.113)",-1.0315453677767543
463,RationalQuadratic,0.18329807108324356,"(0.01, 40.0)","RationalQuadratic(alpha=1, length_scale=0.183)",-1.0315453677767543
443,RationalQuadratic,0.06951927961775606,"(0.01, 40.0)","RationalQuadratic(alpha=1, length_scale=0.0695)",-1.0315453677767543
473,RationalQuadratic,0.29763514416313175,"(0.01, 40.0)","RationalQuadratic(alpha=1, length_scale=0.298)",-1.0315453677767543
563,RationalQuadratic,23.357214690901213,"(0.01, 40.0)","RationalQuadratic(alpha=1, length_scale=23.4)",-1.0315453677767543
433,RationalQuadratic,0.04281332398719394,"(0.01, 40.0)","RationalQuadratic(alpha=1, length_scale=0.0428)",-1.0315453677767543
523,RationalQuadratic,3.359818286283781,"(0.01, 40.0)","RationalQuadratic(alpha=1, length_scale=3.36)",-1.0315453677767543
503,RationalQuadratic,1.2742749857031335,"(0.01, 40.0)","RationalQuadratic(alpha=1, length_scale=1.27)",-1.0315453677767543
539,RationalQuadratic,5.455594781168514,"(0.01, 100.0)","RationalQuadratic(alpha=1, length_scale=5.46)",-1.0315453677767543
493,RationalQuadratic,0.7847599703514611,"(0.01, 40.0)","RationalQuadratic(alpha=1, length_scale=0.785)",-1.0315453677767543
403,RationalQuadratic,0.01,"(0.01, 40.0)","RationalQuadratic(alpha=1, length_scale=0.01)",-1.0315453677767543
423,RationalQuadratic,0.026366508987303583,"(0.01, 40.0)","RationalQuadratic(alpha=1, length_scale=0.0264)",-1.0315453677767543
573,RationalQuadratic,37.92690190732246,"(0.01, 40.0)","RationalQuadratic(alpha=1, length_scale=37.9)",-1.0315453677767543
593,RationalQuadratic,100.0,"(0.01, 40.0)","RationalQuadratic(alpha=1, length_scale=100)",-1.0315453677767543
553,RationalQuadratic,14.38449888287663,"(0.01, 40.0)","RationalQuadratic(alpha=1, length_scale=14.4)",-1.0315453677767543
483,RationalQuadratic,0.4832930238571752,"(0.01, 40.0)","RationalQuadratic(alpha=1, length_scale=0.483)",-1.0315453677767543
413,RationalQuadratic,0.016237767391887217,"(0.01, 40.0)","RationalQuadratic(alpha=1, length_scale=0.0162)",-1.0315453677767543
543,RationalQuadratic,8.858667904100823,"(0.01, 40.0)","RationalQuadratic(alpha=1, length_scale=8.86)",-1.0315453677767543
494,RationalQuadratic,0.7847599703514611,"(0.01, 50.0)","RationalQuadratic(alpha=1, length_scale=0.785)",-1.031545367776756
504,RationalQuadratic,1.2742749857031335,"(0.01, 50.0)","RationalQuadratic(alpha=1, length_scale=1.27)",-1.0315453677767579
574,RationalQuadratic,37.92690190732246,"(0.01, 50.0)","RationalQuadratic(alpha=1, length_scale=37.9)",-1.0315453677767579
464,RationalQuadratic,0.18329807108324356,"(0.01, 50.0)","RationalQuadratic(alpha=1, length_scale=0.183)",-1.0315453677767579
484,RationalQuadratic,0.4832930238571752,"(0.01, 50.0)","RationalQuadratic(alpha=1, length_scale=0.483)",-1.0315453677767579
474,RationalQuadratic,0.29763514416313175,"(0.01, 50.0)","RationalQuadratic(alpha=1, length_scale=0.298)",-1.0315453677767579
564,RationalQuadratic,23.357214690901213,"(0.01, 50.0)","RationalQuadratic(alpha=1, length_scale=23.4)",-1.0315453677767579
584,RationalQuadratic,61.584821106602604,"(0.01, 50.0)","RationalQuadratic(alpha=1, length_scale=61.6)",-1.0315453677767579
594,RationalQuadratic,100.0,"(0.01, 50.0)","RationalQuadratic(alpha=1, length_scale=100)",-1.0315453677767579
404,RationalQuadratic,0.01,"(0.01, 50.0)","RationalQuadratic(alpha=1, length_scale=0.01)",-1.0315453677767579
524,RationalQuadratic,3.359818286283781,"(0.01, 50.0)","RationalQuadratic(alpha=1, length_scale=3.36)",-1.0315453677767579
444,RationalQuadratic,0.06951927961775606,"(0.01, 50.0)","RationalQuadratic(alpha=1, length_scale=0.0695)",-1.0315453677767579
544,RationalQuadratic,8.858667904100823,"(0.01, 50.0)","RationalQuadratic(alpha=1, length_scale=8.86)",-1.0315453677767579
434,RationalQuadratic,0.04281332398719394,"(0.01, 50.0)","RationalQuadratic(alpha=1, length_scale=0.0428)",-1.0315453677767579
534,RationalQuadratic,5.455594781168514,"(0.01, 50.0)","RationalQuadratic(alpha=1, length_scale=5.46)",-1.0315453677767579
414,RationalQuadratic,0.016237767391887217,"(0.01, 50.0)","RationalQuadratic(alpha=1, length_scale=0.0162)",-1.0315453677767579
454,RationalQuadratic,0.11288378916846889,"(0.01, 50.0)","RationalQuadratic(alpha=1, length_scale=0.113)",-1.0315453677767579
424,RationalQuadratic,0.026366508987303583,"(0.01, 50.0)","RationalQuadratic(alpha=1, length_scale=0.0264)",-1.0315453677767579
554,RationalQuadratic,14.38449888287663,"(0.01, 50.0)","RationalQuadratic(alpha=1, length_scale=14.4)",-1.0315453677767579
561,RationalQuadratic,23.357214690901213,"(0.01, 20.0)","RationalQuadratic(alpha=1, length_scale=23.4)",-1.0315453677767596
545,RationalQuadratic,8.858667904100823,"(0.01, 60.0)","RationalQuadratic(alpha=1, length_scale=8.86)",-1.0315453677767596
505,RationalQuadratic,1.2742749857031335,"(0.01, 60.0)","RationalQuadratic(alpha=1, length_scale=1.27)",-1.0315453677767596
541,RationalQuadratic,8.858667904100823,"(0.01, 20.0)","RationalQuadratic(alpha=1, length_scale=8.86)",-1.0315453677767596
565,RationalQuadratic,23.357214690901213,"(0.01, 60.0)","RationalQuadratic(alpha=1, length_scale=23.4)",-1.0315453677767596
535,RationalQuadratic,5.455594781168514,"(0.01, 60.0)","RationalQuadratic(alpha=1, length_scale=5.46)",-1.0315453677767596
555,RationalQuadratic,14.38449888287663,"(0.01, 60.0)","RationalQuadratic(alpha=1, length_scale=14.4)",-1.0315453677767596
531,RationalQuadratic,5.455594781168514,"(0.01, 20.0)","RationalQuadratic(alpha=1, length_scale=5.46)",-1.0315453677767596
525,RationalQuadratic,3.359818286283781,"(0.01, 60.0)","RationalQuadratic(alpha=1, length_scale=3.36)",-1.0315453677767596
521,RationalQuadratic,3.359818286283781,"(0.01, 20.0)","RationalQuadratic(alpha=1, length_scale=3.36)",-1.0315453677767596
501,RationalQuadratic,1.2742749857031335,"(0.01, 20.0)","RationalQuadratic(alpha=1, length_scale=1.27)",-1.0315453677767596
401,RationalQuadratic,0.01,"(0.01, 20.0)","RationalQuadratic(alpha=1, length_scale=0.01)",-1.0315453677767596
575,RationalQuadratic,37.92690190732246,"(0.01, 60.0)","RationalQuadratic(alpha=1, length_scale=37.9)",-1.0315453677767596
451,RationalQuadratic,0.11288378916846889,"(0.01, 20.0)","RationalQuadratic(alpha=1, length_scale=0.113)",-1.0315453677767596
415,RationalQuadratic,0.016237767391887217,"(0.01, 60.0)","RationalQuadratic(alpha=1, length_scale=0.0162)",-1.0315453677767596
431,RationalQuadratic,0.04281332398719394,"(0.01, 20.0)","RationalQuadratic(alpha=1, length_scale=0.0428)",-1.0315453677767596
435,RationalQuadratic,0.04281332398719394,"(0.01, 60.0)","RationalQuadratic(alpha=1, length_scale=0.0428)",-1.0315453677767596
425,RationalQuadratic,0.026366508987303583,"(0.01, 60.0)","RationalQuadratic(alpha=1, length_scale=0.0264)",-1.0315453677767596
441,RationalQuadratic,0.06951927961775606,"(0.01, 20.0)","RationalQuadratic(alpha=1, length_scale=0.0695)",-1.0315453677767596
445,RationalQuadratic,0.06951927961775606,"(0.01, 60.0)","RationalQuadratic(alpha=1, length_scale=0.0695)",-1.0315453677767596
421,RationalQuadratic,0.026366508987303583,"(0.01, 20.0)","RationalQuadratic(alpha=1, length_scale=0.0264)",-1.0315453677767596
585,RationalQuadratic,61.584821106602604,"(0.01, 60.0)","RationalQuadratic(alpha=1, length_scale=61.6)",-1.0315453677767596
455,RationalQuadratic,0.11288378916846889,"(0.01, 60.0)","RationalQuadratic(alpha=1, length_scale=0.113)",-1.0315453677767596
595,RationalQuadratic,100.0,"(0.01, 60.0)","RationalQuadratic(alpha=1, length_scale=100)",-1.0315453677767596
461,RationalQuadratic,0.18329807108324356,"(0.01, 20.0)","RationalQuadratic(alpha=1, length_scale=0.183)",-1.0315453677767596
581,RationalQuadratic,61.584821106602604,"(0.01, 20.0)","RationalQuadratic(alpha=1, length_scale=61.6)",-1.0315453677767596
465,RationalQuadratic,0.18329807108324356,"(0.01, 60.0)","RationalQuadratic(alpha=1, length_scale=0.183)",-1.0315453677767596
471,RationalQuadratic,0.29763514416313175,"(0.01, 20.0)","RationalQuadratic(alpha=1, length_scale=0.298)",-1.0315453677767596
475,RationalQuadratic,0.29763514416313175,"(0.01, 60.0)","RationalQuadratic(alpha=1, length_scale=0.298)",-1.0315453677767596
411,RationalQuadratic,0.016237767391887217,"(0.01, 20.0)","RationalQuadratic(alpha=1, length_scale=0.0162)",-1.0315453677767596
481,RationalQuadratic,0.4832930238571752,"(0.01, 20.0)","RationalQuadratic(alpha=1, length_scale=0.483)",-1.0315453677767596
551,RationalQuadratic,14.38449888287663,"(0.01, 20.0)","RationalQuadratic(alpha=1, length_scale=14.4)",-1.0315453677767596
485,RationalQuadratic,0.4832930238571752,"(0.01, 60.0)","RationalQuadratic(alpha=1, length_scale=0.483)",-1.0315453677767596
405,RationalQuadratic,0.01,"(0.01, 60.0)","RationalQuadratic(alpha=1, length_scale=0.01)",-1.0315453677767596
491,RationalQuadratic,0.7847599703514611,"(0.01, 20.0)","RationalQuadratic(alpha=1, length_scale=0.785)",-1.0315453677767596
571,RationalQuadratic,37.92690190732246,"(0.01, 20.0)","RationalQuadratic(alpha=1, length_scale=37.9)",-1.0315453677767596
495,RationalQuadratic,0.7847599703514611,"(0.01, 60.0)","RationalQuadratic(alpha=1, length_scale=0.785)",-1.0315453677767596
591,RationalQuadratic,100.0,"(0.01, 20.0)","RationalQuadratic(alpha=1, length_scale=100)",-1.0315453677767596
429,RationalQuadratic,0.026366508987303583,"(0.01, 100.0)","RationalQuadratic(alpha=1, length_scale=0.0264)",-1.0315453677767614
419,RationalQuadratic,0.016237767391887217,"(0.01, 100.0)","RationalQuadratic(alpha=1, length_scale=0.0162)",-1.0315453677767614
409,RationalQuadratic,0.01,"(0.01, 100.0)","RationalQuadratic(alpha=1, length_scale=0.01)",-1.0315453677767614
499,RationalQuadratic,0.7847599703514611,"(0.01, 100.0)","RationalQuadratic(alpha=1, length_scale=0.785)",-1.0315453677767614
439,RationalQuadratic,0.04281332398719394,"(0.01, 100.0)","RationalQuadratic(alpha=1, length_scale=0.0428)",-1.0315453677767614
449,RationalQuadratic,0.06951927961775606,"(0.01, 100.0)","RationalQuadratic(alpha=1, length_scale=0.0695)",-1.0315453677767614
497,RationalQuadratic,0.7847599703514611,"(0.01, 80.0)","RationalQuadratic(alpha=1, length_scale=0.785)",-1.0315453677767614
459,RationalQuadratic,0.11288378916846889,"(0.01, 100.0)","RationalQuadratic(alpha=1, length_scale=0.113)",-1.0315453677767614
469,RationalQuadratic,0.18329807108324356,"(0.01, 100.0)","RationalQuadratic(alpha=1, length_scale=0.183)",-1.0315453677767614
479,RationalQuadratic,0.29763514416313175,"(0.01, 100.0)","RationalQuadratic(alpha=1, length_scale=0.298)",-1.0315453677767614
489,RationalQuadratic,0.4832930238571752,"(0.01, 100.0)","RationalQuadratic(alpha=1, length_scale=0.483)",-1.0315453677767614
509,RationalQuadratic,1.2742749857031335,"(0.01, 100.0)","RationalQuadratic(alpha=1, length_scale=1.27)",-1.0315453677767614
549,RationalQuadratic,8.858667904100823,"(0.01, 100.0)","RationalQuadratic(alpha=1, length_scale=8.86)",-1.0315453677767614
599,RationalQuadratic,100.0,"(0.01, 100.0)","RationalQuadratic(alpha=1, length_scale=100)",-1.0315453677767614
559,RationalQuadratic,14.38449888287663,"(0.01, 100.0)","RationalQuadratic(alpha=1, length_scale=14.4)",-1.0315453677767614
589,RationalQuadratic,61.584821106602604,"(0.01, 100.0)","RationalQuadratic(alpha=1, length_scale=61.6)",-1.0315453677767614
569,RationalQuadratic,23.357214690901213,"(0.01, 100.0)","RationalQuadratic(alpha=1, length_scale=23.4)",-1.0315453677767614
579,RationalQuadratic,37.92690190732246,"(0.01, 100.0)","RationalQuadratic(alpha=1, length_scale=37.9)",-1.0315453677767614
408,RationalQuadratic,0.01,"(0.01, 90.0)","RationalQuadratic(alpha=1, length_scale=0.01)",-1.0315453677767685
538,RationalQuadratic,5.455594781168514,"(0.01, 90.0)","RationalQuadratic(alpha=1, length_scale=5.46)",-1.0315453677767685
536,RationalQuadratic,5.455594781168514,"(0.01, 70.0)","RationalQuadratic(alpha=1, length_scale=5.46)",-1.0315453677767685
400,RationalQuadratic,0.01,"(0.01, 10.0)","RationalQuadratic(alpha=1, length_scale=0.01)",-1.0315453677767685
407,RationalQuadratic,0.01,"(0.01, 80.0)","RationalQuadratic(alpha=1, length_scale=0.01)",-1.0315453677767685
402,RationalQuadratic,0.01,"(0.01, 30.0)","RationalQuadratic(alpha=1, length_scale=0.01)",-1.0315453677767685
406,RationalQuadratic,0.01,"(0.01, 70.0)","RationalQuadratic(alpha=1, length_scale=0.01)",-1.0315453677767685
478,RationalQuadratic,0.29763514416313175,"(0.01, 90.0)","RationalQuadratic(alpha=1, length_scale=0.298)",-1.0315453677767703
477,RationalQuadratic,0.29763514416313175,"(0.01, 80.0)","RationalQuadratic(alpha=1, length_scale=0.298)",-1.0315453677767703
476,RationalQuadratic,0.29763514416313175,"(0.01, 70.0)","RationalQuadratic(alpha=1, length_scale=0.298)",-1.0315453677767703
440,RationalQuadratic,0.06951927961775606,"(0.01, 10.0)","RationalQuadratic(alpha=1, length_scale=0.0695)",-1.0315453677767703
452,RationalQuadratic,0.11288378916846889,"(0.01, 30.0)","RationalQuadratic(alpha=1, length_scale=0.113)",-1.031545367776772
492,RationalQuadratic,0.7847599703514611,"(0.01, 30.0)","RationalQuadratic(alpha=1, length_scale=0.785)",-1.031545367776772
572,RationalQuadratic,37.92690190732246,"(0.01, 30.0)","RationalQuadratic(alpha=1, length_scale=37.9)",-1.031545367776772
442,RationalQuadratic,0.06951927961775606,"(0.01, 30.0)","RationalQuadratic(alpha=1, length_scale=0.0695)",-1.031545367776772
532,RationalQuadratic,5.455594781168514,"(0.01, 30.0)","RationalQuadratic(alpha=1, length_scale=5.46)",-1.031545367776772
462,RationalQuadratic,0.18329807108324356,"(0.01, 30.0)","RationalQuadratic(alpha=1, length_scale=0.183)",-1.031545367776772
582,RationalQuadratic,61.584821106602604,"(0.01, 30.0)","RationalQuadratic(alpha=1, length_scale=61.6)",-1.031545367776772
562,RationalQuadratic,23.357214690901213,"(0.01, 30.0)","RationalQuadratic(alpha=1, length_scale=23.4)",-1.031545367776772
522,RationalQuadratic,3.359818286283781,"(0.01, 30.0)","RationalQuadratic(alpha=1, length_scale=3.36)",-1.031545367776772
472,RationalQuadratic,0.29763514416313175,"(0.01, 30.0)","RationalQuadratic(alpha=1, length_scale=0.298)",-1.031545367776772
542,RationalQuadratic,8.858667904100823,"(0.01, 30.0)","RationalQuadratic(alpha=1, length_scale=8.86)",-1.031545367776772
482,RationalQuadratic,0.4832930238571752,"(0.01, 30.0)","RationalQuadratic(alpha=1, length_scale=0.483)",-1.031545367776772
432,RationalQuadratic,0.04281332398719394,"(0.01, 30.0)","RationalQuadratic(alpha=1, length_scale=0.0428)",-1.031545367776772
502,RationalQuadratic,1.2742749857031335,"(0.01, 30.0)","RationalQuadratic(alpha=1, length_scale=1.27)",-1.031545367776772
412,RationalQuadratic,0.016237767391887217,"(0.01, 30.0)","RationalQuadratic(alpha=1, length_scale=0.0162)",-1.031545367776772
422,RationalQuadratic,0.026366508987303583,"(0.01, 30.0)","RationalQuadratic(alpha=1, length_scale=0.0264)",-1.031545367776772
552,RationalQuadratic,14.38449888287663,"(0.01, 30.0)","RationalQuadratic(alpha=1, length_scale=14.4)",-1.031545367776772
592,RationalQuadratic,100.0,"(0.01, 30.0)","RationalQuadratic(alpha=1, length_scale=100)",-1.031545367776772
458,RationalQuadratic,0.11288378916846889,"(0.01, 90.0)","RationalQuadratic(alpha=1, length_scale=0.113)",-1.031545367776781
457,RationalQuadratic,0.11288378916846889,"(0.01, 80.0)","RationalQuadratic(alpha=1, length_scale=0.113)",-1.031545367776781
450,RationalQuadratic,0.11288378916846889,"(0.01, 10.0)","RationalQuadratic(alpha=1, length_scale=0.113)",-1.031545367776781
456,RationalQuadratic,0.11288378916846889,"(0.01, 70.0)","RationalQuadratic(alpha=1, length_scale=0.113)",-1.031545367776781
527,RationalQuadratic,3.359818286283781,"(0.01, 80.0)","RationalQuadratic(alpha=1, length_scale=3.36)",-1.0315453677767827
460,RationalQuadratic,0.18329807108324356,"(0.01, 10.0)","RationalQuadratic(alpha=1, length_scale=0.183)",-1.0315453677767863
490,RationalQuadratic,0.7847599703514611,"(0.01, 10.0)","RationalQuadratic(alpha=1, length_scale=0.785)",-1.0315453677767863
590,RationalQuadratic,100.0,"(0.01, 10.0)","RationalQuadratic(alpha=1, length_scale=100)",-1.0315453677767863
540,RationalQuadratic,8.858667904100823,"(0.01, 10.0)","RationalQuadratic(alpha=1, length_scale=8.86)",-1.0315453677767863
410,RationalQuadratic,0.016237767391887217,"(0.01, 10.0)","RationalQuadratic(alpha=1, length_scale=0.0162)",-1.0315453677767863
570,RationalQuadratic,37.92690190732246,"(0.01, 10.0)","RationalQuadratic(alpha=1, length_scale=37.9)",-1.0315453677767863
530,RationalQuadratic,5.455594781168514,"(0.01, 10.0)","RationalQuadratic(alpha=1, length_scale=5.46)",-1.0315453677767863
580,RationalQuadratic,61.584821106602604,"(0.01, 10.0)","RationalQuadratic(alpha=1, length_scale=61.6)",-1.0315453677767863
430,RationalQuadratic,0.04281332398719394,"(0.01, 10.0)","RationalQuadratic(alpha=1, length_scale=0.0428)",-1.0315453677767863
470,RationalQuadratic,0.29763514416313175,"(0.01, 10.0)","RationalQuadratic(alpha=1, length_scale=0.298)",-1.0315453677767863
420,RationalQuadratic,0.026366508987303583,"(0.01, 10.0)","RationalQuadratic(alpha=1, length_scale=0.0264)",-1.0315453677767863
500,RationalQuadratic,1.2742749857031335,"(0.01, 10.0)","RationalQuadratic(alpha=1, length_scale=1.27)",-1.0315453677767863
560,RationalQuadratic,23.357214690901213,"(0.01, 10.0)","RationalQuadratic(alpha=1, length_scale=23.4)",-1.0315453677767863
480,RationalQuadratic,0.4832930238571752,"(0.01, 10.0)","RationalQuadratic(alpha=1, length_scale=0.483)",-1.0315453677767863
550,RationalQuadratic,14.38449888287663,"(0.01, 10.0)","RationalQuadratic(alpha=1, length_scale=14.4)",-1.0315453677767863
520,RationalQuadratic,3.359818286283781,"(0.01, 10.0)","RationalQuadratic(alpha=1, length_scale=3.36)",-1.0315453677767863
448,RationalQuadratic,0.06951927961775606,"(0.01, 90.0)","RationalQuadratic(alpha=1, length_scale=0.0695)",-1.031545367776788
446,RationalQuadratic,0.06951927961775606,"(0.01, 70.0)","RationalQuadratic(alpha=1, length_scale=0.0695)",-1.031545367776788
447,RationalQuadratic,0.06951927961775606,"(0.01, 80.0)","RationalQuadratic(alpha=1, length_scale=0.0695)",-1.031545367776788
568,RationalQuadratic,23.357214690901213,"(0.01, 90.0)","RationalQuadratic(alpha=1, length_scale=23.4)",-1.0315453677767898
526,RationalQuadratic,3.359818286283781,"(0.01, 70.0)","RationalQuadratic(alpha=1, length_scale=3.36)",-1.031545367776804
598,RationalQuadratic,100.0,"(0.01, 90.0)","RationalQuadratic(alpha=1, length_scale=100)",-1.0315453677768058
488,RationalQuadratic,0.4832930238571752,"(0.01, 90.0)","RationalQuadratic(alpha=1, length_scale=0.483)",-1.0315453677768218
418,RationalQuadratic,0.016237767391887217,"(0.01, 90.0)","RationalQuadratic(alpha=1, length_scale=0.0162)",-1.0315453677768218
468,RationalQuadratic,0.18329807108324356,"(0.01, 90.0)","RationalQuadratic(alpha=1, length_scale=0.183)",-1.0315453677768218
578,RationalQuadratic,37.92690190732246,"(0.01, 90.0)","RationalQuadratic(alpha=1, length_scale=37.9)",-1.0315453677768218
558,RationalQuadratic,14.38449888287663,"(0.01, 90.0)","RationalQuadratic(alpha=1, length_scale=14.4)",-1.0315453677768218
548,RationalQuadratic,8.858667904100823,"(0.01, 90.0)","RationalQuadratic(alpha=1, length_scale=8.86)",-1.0315453677768218
498,RationalQuadratic,0.7847599703514611,"(0.01, 90.0)","RationalQuadratic(alpha=1, length_scale=0.785)",-1.0315453677768218
508,RationalQuadratic,1.2742749857031335,"(0.01, 90.0)","RationalQuadratic(alpha=1, length_scale=1.27)",-1.0315453677768218
428,RationalQuadratic,0.026366508987303583,"(0.01, 90.0)","RationalQuadratic(alpha=1, length_scale=0.0264)",-1.0315453677768218
588,RationalQuadratic,61.584821106602604,"(0.01, 90.0)","RationalQuadratic(alpha=1, length_scale=61.6)",-1.0315453677768218
438,RationalQuadratic,0.04281332398719394,"(0.01, 90.0)","RationalQuadratic(alpha=1, length_scale=0.0428)",-1.0315453677768218
528,RationalQuadratic,3.359818286283781,"(0.01, 90.0)","RationalQuadratic(alpha=1, length_scale=3.36)",-1.0315453677768218
577,RationalQuadratic,37.92690190732246,"(0.01, 80.0)","RationalQuadratic(alpha=1, length_scale=37.9)",-1.0315453677768947
537,RationalQuadratic,5.455594781168514,"(0.01, 80.0)","RationalQuadratic(alpha=1, length_scale=5.46)",-1.0315453677768947
437,RationalQuadratic,0.04281332398719394,"(0.01, 80.0)","RationalQuadratic(alpha=1, length_scale=0.0428)",-1.0315453677768947
597,RationalQuadratic,100.0,"(0.01, 80.0)","RationalQuadratic(alpha=1, length_scale=100)",-1.0315453677768947
487,RationalQuadratic,0.4832930238571752,"(0.01, 80.0)","RationalQuadratic(alpha=1, length_scale=0.483)",-1.0315453677768947
587,RationalQuadratic,61.584821106602604,"(0.01, 80.0)","RationalQuadratic(alpha=1, length_scale=61.6)",-1.0315453677768947
417,RationalQuadratic,0.016237767391887217,"(0.01, 80.0)","RationalQuadratic(alpha=1, length_scale=0.0162)",-1.0315453677768947
547,RationalQuadratic,8.858667904100823,"(0.01, 80.0)","RationalQuadratic(alpha=1, length_scale=8.86)",-1.0315453677768947
557,RationalQuadratic,14.38449888287663,"(0.01, 80.0)","RationalQuadratic(alpha=1, length_scale=14.4)",-1.0315453677768947
427,RationalQuadratic,0.026366508987303583,"(0.01, 80.0)","RationalQuadratic(alpha=1, length_scale=0.0264)",-1.0315453677768947
467,RationalQuadratic,0.18329807108324356,"(0.01, 80.0)","RationalQuadratic(alpha=1, length_scale=0.183)",-1.0315453677768947
567,RationalQuadratic,23.357214690901213,"(0.01, 80.0)","RationalQuadratic(alpha=1, length_scale=23.4)",-1.0315453677768947
507,RationalQuadratic,1.2742749857031335,"(0.01, 80.0)","RationalQuadratic(alpha=1, length_scale=1.27)",-1.0315453677768947
586,RationalQuadratic,61.584821106602604,"(0.01, 70.0)","RationalQuadratic(alpha=1, length_scale=61.6)",-1.0315453677769213
556,RationalQuadratic,14.38449888287663,"(0.01, 70.0)","RationalQuadratic(alpha=1, length_scale=14.4)",-1.0315453677769462
466,RationalQuadratic,0.18329807108324356,"(0.01, 70.0)","RationalQuadratic(alpha=1, length_scale=0.183)",-1.0315453677769924
576,RationalQuadratic,37.92690190732246,"(0.01, 70.0)","RationalQuadratic(alpha=1, length_scale=37.9)",-1.03154536777717
436,RationalQuadratic,0.04281332398719394,"(0.01, 70.0)","RationalQuadratic(alpha=1, length_scale=0.0428)",-1.0315453677771753
596,RationalQuadratic,100.0,"(0.01, 70.0)","RationalQuadratic(alpha=1, length_scale=100)",-1.0315453677772748
506,RationalQuadratic,1.2742749857031335,"(0.01, 70.0)","RationalQuadratic(alpha=1, length_scale=1.27)",-1.031545367777344
566,RationalQuadratic,23.357214690901213,"(0.01, 70.0)","RationalQuadratic(alpha=1, length_scale=23.4)",-1.0315453677775768
486,RationalQuadratic,0.4832930238571752,"(0.01, 70.0)","RationalQuadratic(alpha=1, length_scale=0.483)",-1.031545367778282
416,RationalQuadratic,0.016237767391887217,"(0.01, 70.0)","RationalQuadratic(alpha=1, length_scale=0.0162)",-1.031545367778282
426,RationalQuadratic,0.026366508987303583,"(0.01, 70.0)","RationalQuadratic(alpha=1, length_scale=0.0264)",-1.031545367778282
546,RationalQuadratic,8.858667904100823,"(0.01, 70.0)","RationalQuadratic(alpha=1, length_scale=8.86)",-1.031545367778282
496,RationalQuadratic,0.7847599703514611,"(0.01, 70.0)","RationalQuadratic(alpha=1, length_scale=0.785)",-1.031545367778282
52,Matern_nu_1.5,0.11288378916846889,"(0.01, 30.0)","Matern(length_scale=0.113, nu=1.5)",-2.8688198731646235
12,Matern_nu_1.5,0.016237767391887217,"(0.01, 30.0)","Matern(length_scale=0.0162, nu=1.5)",-2.8688198731646235
22,Matern_nu_1.5,0.026366508987303583,"(0.01, 30.0)","Matern(length_scale=0.0264, nu=1.5)",-2.8688198731646235
28,Matern_nu_1.5,0.026366508987303583,"(0.01, 90.0)","Matern(length_scale=0.0264, nu=1.5)",-2.8688198731646235
62,Matern_nu_1.5,0.18329807108324356,"(0.01, 30.0)","Matern(length_scale=0.183, nu=1.5)",-2.8688198731646235
32,Matern_nu_1.5,0.04281332398719394,"(0.01, 30.0)","Matern(length_scale=0.0428, nu=1.5)",-2.8688198731646235
2,Matern_nu_1.5,0.01,"(0.01, 30.0)","Matern(length_scale=0.01, nu=1.5)",-2.8688198731646235
48,Matern_nu_1.5,0.06951927961775606,"(0.01, 90.0)","Matern(length_scale=0.0695, nu=1.5)",-2.8688198731646235
58,Matern_nu_1.5,0.11288378916846889,"(0.01, 90.0)","Matern(length_scale=0.113, nu=1.5)",-2.8688198731646235
38,Matern_nu_1.5,0.04281332398719394,"(0.01, 90.0)","Matern(length_scale=0.0428, nu=1.5)",-2.8688198731646235
42,Matern_nu_1.5,0.06951927961775606,"(0.01, 30.0)","Matern(length_scale=0.0695, nu=1.5)",-2.8688198731646235
8,Matern_nu_1.5,0.01,"(0.01, 90.0)","Matern(length_scale=0.01, nu=1.5)",-2.8688198731646235
18,Matern_nu_1.5,0.016237767391887217,"(0.01, 90.0)","Matern(length_scale=0.0162, nu=1.5)",-2.8688198731646235
102,Matern_nu_1.5,1.2742749857031335,"(0.01, 30.0)","Matern(length_scale=1.27, nu=1.5)",-2.8688198731646235
142,Matern_nu_1.5,8.858667904100823,"(0.01, 30.0)","Matern(length_scale=8.86, nu=1.5)",-2.8688198731646235
78,Matern_nu_1.5,0.29763514416313175,"(0.01, 90.0)","Matern(length_scale=0.298, nu=1.5)",-2.8688198731646235
98,Matern_nu_1.5,0.7847599703514611,"(0.01, 90.0)","Matern(length_scale=0.785, nu=1.5)",-2.8688198731646235
172,Matern_nu_1.5,37.92690190732246,"(0.01, 30.0)","Matern(length_scale=37.9, nu=1.5)",-2.8688198731646235
122,Matern_nu_1.5,3.359818286283781,"(0.01, 30.0)","Matern(length_scale=3.36, nu=1.5)",-2.8688198731646235
118,Matern_nu_1.5,2.06913808111479,"(0.01, 90.0)","Matern(length_scale=2.07, nu=1.5)",-2.8688198731646235
138,Matern_nu_1.5,5.455594781168514,"(0.01, 90.0)","Matern(length_scale=5.46, nu=1.5)",-2.8688198731646235
178,Matern_nu_1.5,37.92690190732246,"(0.01, 90.0)","Matern(length_scale=37.9, nu=1.5)",-2.8688198731646235
162,Matern_nu_1.5,23.357214690901213,"(0.01, 30.0)","Matern(length_scale=23.4, nu=1.5)",-2.8688198731646235
182,Matern_nu_1.5,61.584821106602604,"(0.01, 30.0)","Matern(length_scale=61.6, nu=1.5)",-2.8688198731646235
88,Matern_nu_1.5,0.4832930238571752,"(0.01, 90.0)","Matern(length_scale=0.483, nu=1.5)",-2.8688198731646235
112,Matern_nu_1.5,2.06913808111479,"(0.01, 30.0)","Matern(length_scale=2.07, nu=1.5)",-2.8688198731646235
158,Matern_nu_1.5,14.38449888287663,"(0.01, 90.0)","Matern(length_scale=14.4, nu=1.5)",-2.8688198731646235
188,Matern_nu_1.5,61.584821106602604,"(0.01, 90.0)","Matern(length_scale=61.6, nu=1.5)",-2.8688198731646235
82,Matern_nu_1.5,0.4832930238571752,"(0.01, 30.0)","Matern(length_scale=0.483, nu=1.5)",-2.8688198731646235
192,Matern_nu_1.5,100.0,"(0.01, 30.0)","Matern(length_scale=100, nu=1.5)",-2.8688198731646235
128,Matern_nu_1.5,3.359818286283781,"(0.01, 90.0)","Matern(length_scale=3.36, nu=1.5)",-2.8688198731646235
152,Matern_nu_1.5,14.38449888287663,"(0.01, 30.0)","Matern(length_scale=14.4, nu=1.5)",-2.8688198731646235
198,Matern_nu_1.5,100.0,"(0.01, 90.0)","Matern(length_scale=100, nu=1.5)",-2.8688198731646235
68,Matern_nu_1.5,0.18329807108324356,"(0.01, 90.0)","Matern(length_scale=0.183, nu=1.5)",-2.8688198731646235
72,Matern_nu_1.5,0.29763514416313175,"(0.01, 30.0)","Matern(length_scale=0.298, nu=1.5)",-2.8688198731646235
132,Matern_nu_1.5,5.455594781168514,"(0.01, 30.0)","Matern(length_scale=5.46, nu=1.5)",-2.8688198731646235
148,Matern_nu_1.5,8.858667904100823,"(0.01, 90.0)","Matern(length_scale=8.86, nu=1.5)",-2.8688198731646235
168,Matern_nu_1.5,23.357214690901213,"(0.01, 90.0)","Matern(length_scale=23.4, nu=1.5)",-2.8688198731646235
92,Matern_nu_1.5,0.7847599703514611,"(0.01, 30.0)","Matern(length_scale=0.785, nu=1.5)",-2.8688198731646235
108,Matern_nu_1.5,1.2742749857031335,"(0.01, 90.0)","Matern(length_scale=1.27, nu=1.5)",-2.8688198731646235
146,Matern_nu_1.5,8.858667904100823,"(0.01, 70.0)","Matern(length_scale=8.86, nu=1.5)",-2.8688198731646333
70,Matern_nu_1.5,0.29763514416313175,"(0.01, 10.0)","Matern(length_scale=0.298, nu=1.5)",-2.868819873164635
127,Matern_nu_1.5,3.359818286283781,"(0.01, 80.0)","Matern(length_scale=3.36, nu=1.5)",-2.868819873164644
27,Matern_nu_1.5,0.026366508987303583,"(0.01, 80.0)","Matern(length_scale=0.0264, nu=1.5)",-2.868819873164644
161,Matern_nu_1.5,23.357214690901213,"(0.01, 20.0)","Matern(length_scale=23.4, nu=1.5)",-2.868819873164644
17,Matern_nu_1.5,0.016237767391887217,"(0.01, 80.0)","Matern(length_scale=0.0162, nu=1.5)",-2.868819873164644
151,Matern_nu_1.5,14.38449888287663,"(0.01, 20.0)","Matern(length_scale=14.4, nu=1.5)",-2.868819873164644
147,Matern_nu_1.5,8.858667904100823,"(0.01, 80.0)","Matern(length_scale=8.86, nu=1.5)",-2.868819873164644
87,Matern_nu_1.5,0.4832930238571752,"(0.01, 80.0)","Matern(length_scale=0.483, nu=1.5)",-2.868819873164644
37,Matern_nu_1.5,0.04281332398719394,"(0.01, 80.0)","Matern(length_scale=0.0428, nu=1.5)",-2.868819873164644
167,Matern_nu_1.5,23.357214690901213,"(0.01, 80.0)","Matern(length_scale=23.4, nu=1.5)",-2.868819873164644
137,Matern_nu_1.5,5.455594781168514,"(0.01, 80.0)","Matern(length_scale=5.46, nu=1.5)",-2.868819873164644
97,Matern_nu_1.5,0.7847599703514611,"(0.01, 80.0)","Matern(length_scale=0.785, nu=1.5)",-2.868819873164644
157,Matern_nu_1.5,14.38449888287663,"(0.01, 80.0)","Matern(length_scale=14.4, nu=1.5)",-2.868819873164644
171,Matern_nu_1.5,37.92690190732246,"(0.01, 20.0)","Matern(length_scale=37.9, nu=1.5)",-2.868819873164644
57,Matern_nu_1.5,0.11288378916846889,"(0.01, 80.0)","Matern(length_scale=0.113, nu=1.5)",-2.868819873164644
107,Matern_nu_1.5,1.2742749857031335,"(0.01, 80.0)","Matern(length_scale=1.27, nu=1.5)",-2.868819873164644
197,Matern_nu_1.5,100.0,"(0.01, 80.0)","Matern(length_scale=100, nu=1.5)",-2.868819873164644
117,Matern_nu_1.5,2.06913808111479,"(0.01, 80.0)","Matern(length_scale=2.07, nu=1.5)",-2.868819873164644
191,Matern_nu_1.5,100.0,"(0.01, 20.0)","Matern(length_scale=100, nu=1.5)",-2.868819873164644
187,Matern_nu_1.5,61.584821106602604,"(0.01, 80.0)","Matern(length_scale=61.6, nu=1.5)",-2.868819873164644
47,Matern_nu_1.5,0.06951927961775606,"(0.01, 80.0)","Matern(length_scale=0.0695, nu=1.5)",-2.868819873164644
7,Matern_nu_1.5,0.01,"(0.01, 80.0)","Matern(length_scale=0.01, nu=1.5)",-2.868819873164644
181,Matern_nu_1.5,61.584821106602604,"(0.01, 20.0)","Matern(length_scale=61.6, nu=1.5)",-2.868819873164644
177,Matern_nu_1.5,37.92690190732246,"(0.01, 80.0)","Matern(length_scale=37.9, nu=1.5)",-2.868819873164644
67,Matern_nu_1.5,0.18329807108324356,"(0.01, 80.0)","Matern(length_scale=0.183, nu=1.5)",-2.868819873164644
77,Matern_nu_1.5,0.29763514416313175,"(0.01, 80.0)","Matern(length_scale=0.298, nu=1.5)",-2.868819873164644
105,Matern_nu_1.5,1.2742749857031335,"(0.01, 60.0)","Matern(length_scale=1.27, nu=1.5)",-2.868819873164645
104,Matern_nu_1.5,1.2742749857031335,"(0.01, 50.0)","Matern(length_scale=1.27, nu=1.5)",-2.868819873164645
135,Matern_nu_1.5,5.455594781168514,"(0.01, 60.0)","Matern(length_scale=5.46, nu=1.5)",-2.868819873164645
106,Matern_nu_1.5,1.2742749857031335,"(0.01, 70.0)","Matern(length_scale=1.27, nu=1.5)",-2.868819873164645
5,Matern_nu_1.5,0.01,"(0.01, 60.0)","Matern(length_scale=0.01, nu=1.5)",-2.868819873164645
109,Matern_nu_1.5,1.2742749857031335,"(0.01, 100.0)","Matern(length_scale=1.27, nu=1.5)",-2.868819873164645
101,Matern_nu_1.5,1.2742749857031335,"(0.01, 20.0)","Matern(length_scale=1.27, nu=1.5)",-2.868819873164645
100,Matern_nu_1.5,1.2742749857031335,"(0.01, 10.0)","Matern(length_scale=1.27, nu=1.5)",-2.868819873164645
15,Matern_nu_1.5,0.016237767391887217,"(0.01, 60.0)","Matern(length_scale=0.0162, nu=1.5)",-2.868819873164645
125,Matern_nu_1.5,3.359818286283781,"(0.01, 60.0)","Matern(length_scale=3.36, nu=1.5)",-2.868819873164645
115,Matern_nu_1.5,2.06913808111479,"(0.01, 60.0)","Matern(length_scale=2.07, nu=1.5)",-2.868819873164645
65,Matern_nu_1.5,0.18329807108324356,"(0.01, 60.0)","Matern(length_scale=0.183, nu=1.5)",-2.868819873164645
95,Matern_nu_1.5,0.7847599703514611,"(0.01, 60.0)","Matern(length_scale=0.785, nu=1.5)",-2.868819873164645
35,Matern_nu_1.5,0.04281332398719394,"(0.01, 60.0)","Matern(length_scale=0.0428, nu=1.5)",-2.868819873164645
103,Matern_nu_1.5,1.2742749857031335,"(0.01, 40.0)","Matern(length_scale=1.27, nu=1.5)",-2.868819873164645
75,Matern_nu_1.5,0.29763514416313175,"(0.01, 60.0)","Matern(length_scale=0.298, nu=1.5)",-2.868819873164645
55,Matern_nu_1.5,0.11288378916846889,"(0.01, 60.0)","Matern(length_scale=0.113, nu=1.5)",-2.868819873164645
195,Matern_nu_1.5,100.0,"(0.01, 60.0)","Matern(length_scale=100, nu=1.5)",-2.868819873164645
185,Matern_nu_1.5,61.584821106602604,"(0.01, 60.0)","Matern(length_scale=61.6, nu=1.5)",-2.868819873164645
45,Matern_nu_1.5,0.06951927961775606,"(0.01, 60.0)","Matern(length_scale=0.0695, nu=1.5)",-2.868819873164645
175,Matern_nu_1.5,37.92690190732246,"(0.01, 60.0)","Matern(length_scale=37.9, nu=1.5)",-2.868819873164645
165,Matern_nu_1.5,23.357214690901213,"(0.01, 60.0)","Matern(length_scale=23.4, nu=1.5)",-2.868819873164645
85,Matern_nu_1.5,0.4832930238571752,"(0.01, 60.0)","Matern(length_scale=0.483, nu=1.5)",-2.868819873164645
145,Matern_nu_1.5,8.858667904100823,"(0.01, 60.0)","Matern(length_scale=8.86, nu=1.5)",-2.868819873164645
155,Matern_nu_1.5,14.38449888287663,"(0.01, 60.0)","Matern(length_scale=14.4, nu=1.5)",-2.868819873164645
25,Matern_nu_1.5,0.026366508987303583,"(0.01, 60.0)","Matern(length_scale=0.0264, nu=1.5)",-2.868819873164645
133,Matern_nu_1.5,5.455594781168514,"(0.01, 40.0)","Matern(length_scale=5.46, nu=1.5)",-2.8688198731646457
144,Matern_nu_1.5,8.858667904100823,"(0.01, 50.0)","Matern(length_scale=8.86, nu=1.5)",-2.8688198731646466
16,Matern_nu_1.5,0.016237767391887217,"(0.01, 70.0)","Matern(length_scale=0.0162, nu=1.5)",-2.8688198731646475
6,Matern_nu_1.5,0.01,"(0.01, 70.0)","Matern(length_scale=0.01, nu=1.5)",-2.8688198731646475
136,Matern_nu_1.5,5.455594781168514,"(0.01, 70.0)","Matern(length_scale=5.46, nu=1.5)",-2.8688198731646475
76,Matern_nu_1.5,0.29763514416313175,"(0.01, 70.0)","Matern(length_scale=0.298, nu=1.5)",-2.8688198731646475
56,Matern_nu_1.5,0.11288378916846889,"(0.01, 70.0)","Matern(length_scale=0.113, nu=1.5)",-2.8688198731646475
196,Matern_nu_1.5,100.0,"(0.01, 70.0)","Matern(length_scale=100, nu=1.5)",-2.8688198731646475
186,Matern_nu_1.5,61.584821106602604,"(0.01, 70.0)","Matern(length_scale=61.6, nu=1.5)",-2.8688198731646475
96,Matern_nu_1.5,0.7847599703514611,"(0.01, 70.0)","Matern(length_scale=0.785, nu=1.5)",-2.8688198731646475
36,Matern_nu_1.5,0.04281332398719394,"(0.01, 70.0)","Matern(length_scale=0.0428, nu=1.5)",-2.8688198731646475
46,Matern_nu_1.5,0.06951927961775606,"(0.01, 70.0)","Matern(length_scale=0.0695, nu=1.5)",-2.8688198731646475
26,Matern_nu_1.5,0.026366508987303583,"(0.01, 70.0)","Matern(length_scale=0.0264, nu=1.5)",-2.8688198731646475
176,Matern_nu_1.5,37.92690190732246,"(0.01, 70.0)","Matern(length_scale=37.9, nu=1.5)",-2.8688198731646475
116,Matern_nu_1.5,2.06913808111479,"(0.01, 70.0)","Matern(length_scale=2.07, nu=1.5)",-2.8688198731646475
86,Matern_nu_1.5,0.4832930238571752,"(0.01, 70.0)","Matern(length_scale=0.483, nu=1.5)",-2.8688198731646475
166,Matern_nu_1.5,23.357214690901213,"(0.01, 70.0)","Matern(length_scale=23.4, nu=1.5)",-2.8688198731646475
66,Matern_nu_1.5,0.18329807108324356,"(0.01, 70.0)","Matern(length_scale=0.183, nu=1.5)",-2.8688198731646475
126,Matern_nu_1.5,3.359818286283781,"(0.01, 70.0)","Matern(length_scale=3.36, nu=1.5)",-2.8688198731646475
156,Matern_nu_1.5,14.38449888287663,"(0.01, 70.0)","Matern(length_scale=14.4, nu=1.5)",-2.8688198731646475
110,Matern_nu_1.5,2.06913808111479,"(0.01, 10.0)","Matern(length_scale=2.07, nu=1.5)",-2.8688198731646493
0,Matern_nu_1.5,0.01,"(0.01, 10.0)","Matern(length_scale=0.01, nu=1.5)",-2.86881987316465
10,Matern_nu_1.5,0.016237767391887217,"(0.01, 10.0)","Matern(length_scale=0.0162, nu=1.5)",-2.86881987316465
123,Matern_nu_1.5,3.359818286283781,"(0.01, 40.0)","Matern(length_scale=3.36, nu=1.5)",-2.86881987316465
153,Matern_nu_1.5,14.38449888287663,"(0.01, 40.0)","Matern(length_scale=14.4, nu=1.5)",-2.86881987316465
20,Matern_nu_1.5,0.026366508987303583,"(0.01, 10.0)","Matern(length_scale=0.0264, nu=1.5)",-2.86881987316465
150,Matern_nu_1.5,14.38449888287663,"(0.01, 10.0)","Matern(length_scale=14.4, nu=1.5)",-2.86881987316465
143,Matern_nu_1.5,8.858667904100823,"(0.01, 40.0)","Matern(length_scale=8.86, nu=1.5)",-2.86881987316465
190,Matern_nu_1.5,100.0,"(0.01, 10.0)","Matern(length_scale=100, nu=1.5)",-2.86881987316465
40,Matern_nu_1.5,0.06951927961775606,"(0.01, 10.0)","Matern(length_scale=0.0695, nu=1.5)",-2.86881987316465
140,Matern_nu_1.5,8.858667904100823,"(0.01, 10.0)","Matern(length_scale=8.86, nu=1.5)",-2.86881987316465
90,Matern_nu_1.5,0.7847599703514611,"(0.01, 10.0)","Matern(length_scale=0.785, nu=1.5)",-2.86881987316465
130,Matern_nu_1.5,5.455594781168514,"(0.01, 10.0)","Matern(length_scale=5.46, nu=1.5)",-2.86881987316465
160,Matern_nu_1.5,23.357214690901213,"(0.01, 10.0)","Matern(length_scale=23.4, nu=1.5)",-2.86881987316465
50,Matern_nu_1.5,0.11288378916846889,"(0.01, 10.0)","Matern(length_scale=0.113, nu=1.5)",-2.86881987316465
180,Matern_nu_1.5,61.584821106602604,"(0.01, 10.0)","Matern(length_scale=61.6, nu=1.5)",-2.86881987316465
80,Matern_nu_1.5,0.4832930238571752,"(0.01, 10.0)","Matern(length_scale=0.483, nu=1.5)",-2.86881987316465
120,Matern_nu_1.5,3.359818286283781,"(0.01, 10.0)","Matern(length_scale=3.36, nu=1.5)",-2.86881987316465
170,Matern_nu_1.5,37.92690190732246,"(0.01, 10.0)","Matern(length_scale=37.9, nu=1.5)",-2.86881987316465
60,Matern_nu_1.5,0.18329807108324356,"(0.01, 10.0)","Matern(length_scale=0.183, nu=1.5)",-2.86881987316465
30,Matern_nu_1.5,0.04281332398719394,"(0.01, 10.0)","Matern(length_scale=0.0428, nu=1.5)",-2.86881987316465
54,Matern_nu_1.5,0.11288378916846889,"(0.01, 50.0)","Matern(length_scale=0.113, nu=1.5)",-2.868819873164652
69,Matern_nu_1.5,0.18329807108324356,"(0.01, 100.0)","Matern(length_scale=0.183, nu=1.5)",-2.868819873164653
189,Matern_nu_1.5,61.584821106602604,"(0.01, 100.0)","Matern(length_scale=61.6, nu=1.5)",-2.868819873164653
99,Matern_nu_1.5,0.7847599703514611,"(0.01, 100.0)","Matern(length_scale=0.785, nu=1.5)",-2.868819873164653
59,Matern_nu_1.5,0.11288378916846889,"(0.01, 100.0)","Matern(length_scale=0.113, nu=1.5)",-2.868819873164653
149,Matern_nu_1.5,8.858667904100823,"(0.01, 100.0)","Matern(length_scale=8.86, nu=1.5)",-2.868819873164653
19,Matern_nu_1.5,0.016237767391887217,"(0.01, 100.0)","Matern(length_scale=0.0162, nu=1.5)",-2.868819873164653
39,Matern_nu_1.5,0.04281332398719394,"(0.01, 100.0)","Matern(length_scale=0.0428, nu=1.5)",-2.868819873164653
159,Matern_nu_1.5,14.38449888287663,"(0.01, 100.0)","Matern(length_scale=14.4, nu=1.5)",-2.868819873164653
9,Matern_nu_1.5,0.01,"(0.01, 100.0)","Matern(length_scale=0.01, nu=1.5)",-2.868819873164653
119,Matern_nu_1.5,2.06913808111479,"(0.01, 100.0)","Matern(length_scale=2.07, nu=1.5)",-2.868819873164653
199,Matern_nu_1.5,100.0,"(0.01, 100.0)","Matern(length_scale=100, nu=1.5)",-2.868819873164653
139,Matern_nu_1.5,5.455594781168514,"(0.01, 100.0)","Matern(length_scale=5.46, nu=1.5)",-2.868819873164653
169,Matern_nu_1.5,23.357214690901213,"(0.01, 100.0)","Matern(length_scale=23.4, nu=1.5)",-2.868819873164653
49,Matern_nu_1.5,0.06951927961775606,"(0.01, 100.0)","Matern(length_scale=0.0695, nu=1.5)",-2.868819873164653
179,Matern_nu_1.5,37.92690190732246,"(0.01, 100.0)","Matern(length_scale=37.9, nu=1.5)",-2.868819873164653
89,Matern_nu_1.5,0.4832930238571752,"(0.01, 100.0)","Matern(length_scale=0.483, nu=1.5)",-2.868819873164653
79,Matern_nu_1.5,0.29763514416313175,"(0.01, 100.0)","Matern(length_scale=0.298, nu=1.5)",-2.868819873164653
129,Matern_nu_1.5,3.359818286283781,"(0.01, 100.0)","Matern(length_scale=3.36, nu=1.5)",-2.868819873164653
29,Matern_nu_1.5,0.026366508987303583,"(0.01, 100.0)","Matern(length_scale=0.0264, nu=1.5)",-2.868819873164653
174,Matern_nu_1.5,37.92690190732246,"(0.01, 50.0)","Matern(length_scale=37.9, nu=1.5)",-2.8688198731646546
94,Matern_nu_1.5,0.7847599703514611,"(0.01, 50.0)","Matern(length_scale=0.785, nu=1.5)",-2.8688198731646546
34,Matern_nu_1.5,0.04281332398719394,"(0.01, 50.0)","Matern(length_scale=0.0428, nu=1.5)",-2.8688198731646546
194,Matern_nu_1.5,100.0,"(0.01, 50.0)","Matern(length_scale=100, nu=1.5)",-2.8688198731646546
84,Matern_nu_1.5,0.4832930238571752,"(0.01, 50.0)","Matern(length_scale=0.483, nu=1.5)",-2.8688198731646546
74,Matern_nu_1.5,0.29763514416313175,"(0.01, 50.0)","Matern(length_scale=0.298, nu=1.5)",-2.8688198731646546
64,Matern_nu_1.5,0.18329807108324356,"(0.01, 50.0)","Matern(length_scale=0.183, nu=1.5)",-2.8688198731646546
44,Matern_nu_1.5,0.06951927961775606,"(0.01, 50.0)","Matern(length_scale=0.0695, nu=1.5)",-2.8688198731646546
184,Matern_nu_1.5,61.584821106602604,"(0.01, 50.0)","Matern(length_scale=61.6, nu=1.5)",-2.8688198731646546
154,Matern_nu_1.5,14.38449888287663,"(0.01, 50.0)","Matern(length_scale=14.4, nu=1.5)",-2.8688198731646546
164,Matern_nu_1.5,23.357214690901213,"(0.01, 50.0)","Matern(length_scale=23.4, nu=1.5)",-2.8688198731646546
24,Matern_nu_1.5,0.026366508987303583,"(0.01, 50.0)","Matern(length_scale=0.0264, nu=1.5)",-2.8688198731646546
4,Matern_nu_1.5,0.01,"(0.01, 50.0)","Matern(length_scale=0.01, nu=1.5)",-2.8688198731646546
124,Matern_nu_1.5,3.359818286283781,"(0.01, 50.0)","Matern(length_scale=3.36, nu=1.5)",-2.8688198731646546
134,Matern_nu_1.5,5.455594781168514,"(0.01, 50.0)","Matern(length_scale=5.46, nu=1.5)",-2.8688198731646546
14,Matern_nu_1.5,0.016237767391887217,"(0.01, 50.0)","Matern(length_scale=0.0162, nu=1.5)",-2.8688198731646546
114,Matern_nu_1.5,2.06913808111479,"(0.01, 50.0)","Matern(length_scale=2.07, nu=1.5)",-2.8688198731646546
41,Matern_nu_1.5,0.06951927961775606,"(0.01, 20.0)","Matern(length_scale=0.0695, nu=1.5)",-2.8688198731646555
111,Matern_nu_1.5,2.06913808111479,"(0.01, 20.0)","Matern(length_scale=2.07, nu=1.5)",-2.8688198731646573
71,Matern_nu_1.5,0.29763514416313175,"(0.01, 20.0)","Matern(length_scale=0.298, nu=1.5)",-2.868819873164661
113,Matern_nu_1.5,2.06913808111479,"(0.01, 40.0)","Matern(length_scale=2.07, nu=1.5)",-2.8688198731646617
3,Matern_nu_1.5,0.01,"(0.01, 40.0)","Matern(length_scale=0.01, nu=1.5)",-2.8688198731646617
93,Matern_nu_1.5,0.7847599703514611,"(0.01, 40.0)","Matern(length_scale=0.785, nu=1.5)",-2.8688198731646617
193,Matern_nu_1.5,100.0,"(0.01, 40.0)","Matern(length_scale=100, nu=1.5)",-2.8688198731646617
73,Matern_nu_1.5,0.29763514416313175,"(0.01, 40.0)","Matern(length_scale=0.298, nu=1.5)",-2.8688198731646617
183,Matern_nu_1.5,61.584821106602604,"(0.01, 40.0)","Matern(length_scale=61.6, nu=1.5)",-2.8688198731646617
43,Matern_nu_1.5,0.06951927961775606,"(0.01, 40.0)","Matern(length_scale=0.0695, nu=1.5)",-2.8688198731646617
33,Matern_nu_1.5,0.04281332398719394,"(0.01, 40.0)","Matern(length_scale=0.0428, nu=1.5)",-2.8688198731646617
53,Matern_nu_1.5,0.11288378916846889,"(0.01, 40.0)","Matern(length_scale=0.113, nu=1.5)",-2.8688198731646617
63,Matern_nu_1.5,0.18329807108324356,"(0.01, 40.0)","Matern(length_scale=0.183, nu=1.5)",-2.8688198731646617
83,Matern_nu_1.5,0.4832930238571752,"(0.01, 40.0)","Matern(length_scale=0.483, nu=1.5)",-2.8688198731646617
23,Matern_nu_1.5,0.026366508987303583,"(0.01, 40.0)","Matern(length_scale=0.0264, nu=1.5)",-2.8688198731646617
173,Matern_nu_1.5,37.92690190732246,"(0.01, 40.0)","Matern(length_scale=37.9, nu=1.5)",-2.8688198731646617
163,Matern_nu_1.5,23.357214690901213,"(0.01, 40.0)","Matern(length_scale=23.4, nu=1.5)",-2.8688198731646617
13,Matern_nu_1.5,0.016237767391887217,"(0.01, 40.0)","Matern(length_scale=0.0162, nu=1.5)",-2.8688198731646617
81,Matern_nu_1.5,0.4832930238571752,"(0.01, 20.0)","Matern(length_scale=0.483, nu=1.5)",-2.868819873164666
21,Matern_nu_1.5,0.026366508987303583,"(0.01, 20.0)","Matern(length_scale=0.0264, nu=1.5)",-2.8688198731646706
141,Matern_nu_1.5,8.858667904100823,"(0.01, 20.0)","Matern(length_scale=8.86, nu=1.5)",-2.868819873164674
131,Matern_nu_1.5,5.455594781168514,"(0.01, 20.0)","Matern(length_scale=5.46, nu=1.5)",-2.8688198731646786
31,Matern_nu_1.5,0.04281332398719394,"(0.01, 20.0)","Matern(length_scale=0.0428, nu=1.5)",-2.8688198731646883
121,Matern_nu_1.5,3.359818286283781,"(0.01, 20.0)","Matern(length_scale=3.36, nu=1.5)",-2.868819873164693
61,Matern_nu_1.5,0.18329807108324356,"(0.01, 20.0)","Matern(length_scale=0.183, nu=1.5)",-2.8688198731647176
51,Matern_nu_1.5,0.11288378916846889,"(0.01, 20.0)","Matern(length_scale=0.113, nu=1.5)",-2.8688198731647248
91,Matern_nu_1.5,0.7847599703514611,"(0.01, 20.0)","Matern(length_scale=0.785, nu=1.5)",-2.8688198731647248
11,Matern_nu_1.5,0.016237767391887217,"(0.01, 20.0)","Matern(length_scale=0.0162, nu=1.5)",-2.8688198731647248
1,Matern_nu_1.5,0.01,"(0.01, 20.0)","Matern(length_scale=0.01, nu=1.5)",-2.8688198731647248
224,Matern_nu_2.5,0.026366508987303583,"(0.01, 50.0)","Matern(length_scale=0.0264, nu=2.5)",-3.6492345828348807
324,Matern_nu_2.5,3.359818286283781,"(0.01, 50.0)","Matern(length_scale=3.36, nu=2.5)",-3.6492345828348807
304,Matern_nu_2.5,1.2742749857031335,"(0.01, 50.0)","Matern(length_scale=1.27, nu=2.5)",-3.6492345828348807
294,Matern_nu_2.5,0.7847599703514611,"(0.01, 50.0)","Matern(length_scale=0.785, nu=2.5)",-3.6492345828348807
244,Matern_nu_2.5,0.06951927961775606,"(0.01, 50.0)","Matern(length_scale=0.0695, nu=2.5)",-3.6492345828348807
234,Matern_nu_2.5,0.04281332398719394,"(0.01, 50.0)","Matern(length_scale=0.0428, nu=2.5)",-3.6492345828348807
254,Matern_nu_2.5,0.11288378916846889,"(0.01, 50.0)","Matern(length_scale=0.113, nu=2.5)",-3.6492345828348807
274,Matern_nu_2.5,0.29763514416313175,"(0.01, 50.0)","Matern(length_scale=0.298, nu=2.5)",-3.6492345828348807
284,Matern_nu_2.5,0.4832930238571752,"(0.01, 50.0)","Matern(length_scale=0.483, nu=2.5)",-3.6492345828348807
204,Matern_nu_2.5,0.01,"(0.01, 50.0)","Matern(length_scale=0.01, nu=2.5)",-3.6492345828348807
354,Matern_nu_2.5,14.38449888287663,"(0.01, 50.0)","Matern(length_scale=14.4, nu=2.5)",-3.6492345828348807
374,Matern_nu_2.5,37.92690190732246,"(0.01, 50.0)","Matern(length_scale=37.9, nu=2.5)",-3.6492345828348807
264,Matern_nu_2.5,0.18329807108324356,"(0.01, 50.0)","Matern(length_scale=0.183, nu=2.5)",-3.6492345828348807
344,Matern_nu_2.5,8.858667904100823,"(0.01, 50.0)","Matern(length_scale=8.86, nu=2.5)",-3.6492345828348807
364,Matern_nu_2.5,23.357214690901213,"(0.01, 50.0)","Matern(length_scale=23.4, nu=2.5)",-3.6492345828348807
384,Matern_nu_2.5,61.584821106602604,"(0.01, 50.0)","Matern(length_scale=61.6, nu=2.5)",-3.6492345828348807
334,Matern_nu_2.5,5.455594781168514,"(0.01, 50.0)","Matern(length_scale=5.46, nu=2.5)",-3.6492345828348807
314,Matern_nu_2.5,2.06913808111479,"(0.01, 50.0)","Matern(length_scale=2.07, nu=2.5)",-3.6492345828348807
214,Matern_nu_2.5,0.016237767391887217,"(0.01, 50.0)","Matern(length_scale=0.0162, nu=2.5)",-3.6492345828348807
394,Matern_nu_2.5,100.0,"(0.01, 50.0)","Matern(length_scale=100, nu=2.5)",-3.6492345828348807
223,Matern_nu_2.5,0.026366508987303583,"(0.01, 40.0)","Matern(length_scale=0.0264, nu=2.5)",-3.6492345828348816
262,Matern_nu_2.5,0.18329807108324356,"(0.01, 30.0)","Matern(length_scale=0.183, nu=2.5)",-3.6492345828348878
282,Matern_nu_2.5,0.4832930238571752,"(0.01, 30.0)","Matern(length_scale=0.483, nu=2.5)",-3.6492345828348878
252,Matern_nu_2.5,0.11288378916846889,"(0.01, 30.0)","Matern(length_scale=0.113, nu=2.5)",-3.6492345828348878
322,Matern_nu_2.5,3.359818286283781,"(0.01, 30.0)","Matern(length_scale=3.36, nu=2.5)",-3.6492345828348878
362,Matern_nu_2.5,23.357214690901213,"(0.01, 30.0)","Matern(length_scale=23.4, nu=2.5)",-3.6492345828348878
292,Matern_nu_2.5,0.7847599703514611,"(0.01, 30.0)","Matern(length_scale=0.785, nu=2.5)",-3.6492345828348878
242,Matern_nu_2.5,0.06951927961775606,"(0.01, 30.0)","Matern(length_scale=0.0695, nu=2.5)",-3.6492345828348878
232,Matern_nu_2.5,0.04281332398719394,"(0.01, 30.0)","Matern(length_scale=0.0428, nu=2.5)",-3.6492345828348878
302,Matern_nu_2.5,1.2742749857031335,"(0.01, 30.0)","Matern(length_scale=1.27, nu=2.5)",-3.6492345828348878
222,Matern_nu_2.5,0.026366508987303583,"(0.01, 30.0)","Matern(length_scale=0.0264, nu=2.5)",-3.6492345828348878
332,Matern_nu_2.5,5.455594781168514,"(0.01, 30.0)","Matern(length_scale=5.46, nu=2.5)",-3.6492345828348878
212,Matern_nu_2.5,0.016237767391887217,"(0.01, 30.0)","Matern(length_scale=0.0162, nu=2.5)",-3.6492345828348878
392,Matern_nu_2.5,100.0,"(0.01, 30.0)","Matern(length_scale=100, nu=2.5)",-3.6492345828348878
202,Matern_nu_2.5,0.01,"(0.01, 30.0)","Matern(length_scale=0.01, nu=2.5)",-3.6492345828348878
342,Matern_nu_2.5,8.858667904100823,"(0.01, 30.0)","Matern(length_scale=8.86, nu=2.5)",-3.6492345828348878
382,Matern_nu_2.5,61.584821106602604,"(0.01, 30.0)","Matern(length_scale=61.6, nu=2.5)",-3.6492345828348878
352,Matern_nu_2.5,14.38449888287663,"(0.01, 30.0)","Matern(length_scale=14.4, nu=2.5)",-3.6492345828348878
272,Matern_nu_2.5,0.29763514416313175,"(0.01, 30.0)","Matern(length_scale=0.298, nu=2.5)",-3.6492345828348878
372,Matern_nu_2.5,37.92690190732246,"(0.01, 30.0)","Matern(length_scale=37.9, nu=2.5)",-3.6492345828348878
312,Matern_nu_2.5,2.06913808111479,"(0.01, 30.0)","Matern(length_scale=2.07, nu=2.5)",-3.6492345828348878
280,Matern_nu_2.5,0.4832930238571752,"(0.01, 10.0)","Matern(length_scale=0.483, nu=2.5)",-3.649234582834894
285,Matern_nu_2.5,0.4832930238571752,"(0.01, 60.0)","Matern(length_scale=0.483, nu=2.5)",-3.649234582834894
281,Matern_nu_2.5,0.4832930238571752,"(0.01, 20.0)","Matern(length_scale=0.483, nu=2.5)",-3.649234582834894
289,Matern_nu_2.5,0.4832930238571752,"(0.01, 100.0)","Matern(length_scale=0.483, nu=2.5)",-3.649234582834894
288,Matern_nu_2.5,0.4832930238571752,"(0.01, 90.0)","Matern(length_scale=0.483, nu=2.5)",-3.649234582834894
287,Matern_nu_2.5,0.4832930238571752,"(0.01, 80.0)","Matern(length_scale=0.483, nu=2.5)",-3.649234582834894
286,Matern_nu_2.5,0.4832930238571752,"(0.01, 70.0)","Matern(length_scale=0.483, nu=2.5)",-3.649234582834894
283,Matern_nu_2.5,0.4832930238571752,"(0.01, 40.0)","Matern(length_scale=0.483, nu=2.5)",-3.649234582834894
241,Matern_nu_2.5,0.06951927961775606,"(0.01, 20.0)","Matern(length_scale=0.0695, nu=2.5)",-3.649234582834895
351,Matern_nu_2.5,14.38449888287663,"(0.01, 20.0)","Matern(length_scale=14.4, nu=2.5)",-3.649234582834895
291,Matern_nu_2.5,0.7847599703514611,"(0.01, 20.0)","Matern(length_scale=0.785, nu=2.5)",-3.649234582834895
271,Matern_nu_2.5,0.29763514416313175,"(0.01, 20.0)","Matern(length_scale=0.298, nu=2.5)",-3.649234582834895
311,Matern_nu_2.5,2.06913808111479,"(0.01, 20.0)","Matern(length_scale=2.07, nu=2.5)",-3.649234582834895
371,Matern_nu_2.5,37.92690190732246,"(0.01, 20.0)","Matern(length_scale=37.9, nu=2.5)",-3.649234582834895
341,Matern_nu_2.5,8.858667904100823,"(0.01, 20.0)","Matern(length_scale=8.86, nu=2.5)",-3.649234582834895
251,Matern_nu_2.5,0.11288378916846889,"(0.01, 20.0)","Matern(length_scale=0.113, nu=2.5)",-3.649234582834895
301,Matern_nu_2.5,1.2742749857031335,"(0.01, 20.0)","Matern(length_scale=1.27, nu=2.5)",-3.649234582834895
231,Matern_nu_2.5,0.04281332398719394,"(0.01, 20.0)","Matern(length_scale=0.0428, nu=2.5)",-3.649234582834895
391,Matern_nu_2.5,100.0,"(0.01, 20.0)","Matern(length_scale=100, nu=2.5)",-3.649234582834895
381,Matern_nu_2.5,61.584821106602604,"(0.01, 20.0)","Matern(length_scale=61.6, nu=2.5)",-3.649234582834895
221,Matern_nu_2.5,0.026366508987303583,"(0.01, 20.0)","Matern(length_scale=0.0264, nu=2.5)",-3.649234582834895
211,Matern_nu_2.5,0.016237767391887217,"(0.01, 20.0)","Matern(length_scale=0.0162, nu=2.5)",-3.649234582834895
321,Matern_nu_2.5,3.359818286283781,"(0.01, 20.0)","Matern(length_scale=3.36, nu=2.5)",-3.649234582834895
361,Matern_nu_2.5,23.357214690901213,"(0.01, 20.0)","Matern(length_scale=23.4, nu=2.5)",-3.649234582834895
261,Matern_nu_2.5,0.18329807108324356,"(0.01, 20.0)","Matern(length_scale=0.183, nu=2.5)",-3.649234582834895
331,Matern_nu_2.5,5.455594781168514,"(0.01, 20.0)","Matern(length_scale=5.46, nu=2.5)",-3.649234582834895
201,Matern_nu_2.5,0.01,"(0.01, 20.0)","Matern(length_scale=0.01, nu=2.5)",-3.649234582834895
378,Matern_nu_2.5,37.92690190732246,"(0.01, 90.0)","Matern(length_scale=37.9, nu=2.5)",-3.6492345828348958
308,Matern_nu_2.5,1.2742749857031335,"(0.01, 90.0)","Matern(length_scale=1.27, nu=2.5)",-3.6492345828348958
238,Matern_nu_2.5,0.04281332398719394,"(0.01, 90.0)","Matern(length_scale=0.0428, nu=2.5)",-3.6492345828348958
388,Matern_nu_2.5,61.584821106602604,"(0.01, 90.0)","Matern(length_scale=61.6, nu=2.5)",-3.6492345828348958
368,Matern_nu_2.5,23.357214690901213,"(0.01, 90.0)","Matern(length_scale=23.4, nu=2.5)",-3.6492345828348958
298,Matern_nu_2.5,0.7847599703514611,"(0.01, 90.0)","Matern(length_scale=0.785, nu=2.5)",-3.6492345828348958
218,Matern_nu_2.5,0.016237767391887217,"(0.01, 90.0)","Matern(length_scale=0.0162, nu=2.5)",-3.6492345828348958
228,Matern_nu_2.5,0.026366508987303583,"(0.01, 90.0)","Matern(length_scale=0.0264, nu=2.5)",-3.6492345828348958
248,Matern_nu_2.5,0.06951927961775606,"(0.01, 90.0)","Matern(length_scale=0.0695, nu=2.5)",-3.6492345828348958
358,Matern_nu_2.5,14.38449888287663,"(0.01, 90.0)","Matern(length_scale=14.4, nu=2.5)",-3.6492345828348958
208,Matern_nu_2.5,0.01,"(0.01, 90.0)","Matern(length_scale=0.01, nu=2.5)",-3.6492345828348958
348,Matern_nu_2.5,8.858667904100823,"(0.01, 90.0)","Matern(length_scale=8.86, nu=2.5)",-3.6492345828348958
338,Matern_nu_2.5,5.455594781168514,"(0.01, 90.0)","Matern(length_scale=5.46, nu=2.5)",-3.6492345828348958
258,Matern_nu_2.5,0.11288378916846889,"(0.01, 90.0)","Matern(length_scale=0.113, nu=2.5)",-3.6492345828348958
278,Matern_nu_2.5,0.29763514416313175,"(0.01, 90.0)","Matern(length_scale=0.298, nu=2.5)",-3.6492345828348958
328,Matern_nu_2.5,3.359818286283781,"(0.01, 90.0)","Matern(length_scale=3.36, nu=2.5)",-3.6492345828348958
268,Matern_nu_2.5,0.18329807108324356,"(0.01, 90.0)","Matern(length_scale=0.183, nu=2.5)",-3.6492345828348958
318,Matern_nu_2.5,2.06913808111479,"(0.01, 90.0)","Matern(length_scale=2.07, nu=2.5)",-3.6492345828348958
398,Matern_nu_2.5,100.0,"(0.01, 90.0)","Matern(length_scale=100, nu=2.5)",-3.6492345828348958
217,Matern_nu_2.5,0.016237767391887217,"(0.01, 80.0)","Matern(length_scale=0.0162, nu=2.5)",-3.6492345828348993
307,Matern_nu_2.5,1.2742749857031335,"(0.01, 80.0)","Matern(length_scale=1.27, nu=2.5)",-3.6492345828348993
397,Matern_nu_2.5,100.0,"(0.01, 80.0)","Matern(length_scale=100, nu=2.5)",-3.6492345828348993
257,Matern_nu_2.5,0.11288378916846889,"(0.01, 80.0)","Matern(length_scale=0.113, nu=2.5)",-3.6492345828348993
357,Matern_nu_2.5,14.38449888287663,"(0.01, 80.0)","Matern(length_scale=14.4, nu=2.5)",-3.6492345828348993
387,Matern_nu_2.5,61.584821106602604,"(0.01, 80.0)","Matern(length_scale=61.6, nu=2.5)",-3.6492345828348993
227,Matern_nu_2.5,0.026366508987303583,"(0.01, 80.0)","Matern(length_scale=0.0264, nu=2.5)",-3.6492345828348993
377,Matern_nu_2.5,37.92690190732246,"(0.01, 80.0)","Matern(length_scale=37.9, nu=2.5)",-3.6492345828348993
297,Matern_nu_2.5,0.7847599703514611,"(0.01, 80.0)","Matern(length_scale=0.785, nu=2.5)",-3.6492345828348993
367,Matern_nu_2.5,23.357214690901213,"(0.01, 80.0)","Matern(length_scale=23.4, nu=2.5)",-3.6492345828348993
237,Matern_nu_2.5,0.04281332398719394,"(0.01, 80.0)","Matern(length_scale=0.0428, nu=2.5)",-3.6492345828348993
347,Matern_nu_2.5,8.858667904100823,"(0.01, 80.0)","Matern(length_scale=8.86, nu=2.5)",-3.6492345828348993
247,Matern_nu_2.5,0.06951927961775606,"(0.01, 80.0)","Matern(length_scale=0.0695, nu=2.5)",-3.6492345828348993
337,Matern_nu_2.5,5.455594781168514,"(0.01, 80.0)","Matern(length_scale=5.46, nu=2.5)",-3.6492345828348993
277,Matern_nu_2.5,0.29763514416313175,"(0.01, 80.0)","Matern(length_scale=0.298, nu=2.5)",-3.6492345828348993
327,Matern_nu_2.5,3.359818286283781,"(0.01, 80.0)","Matern(length_scale=3.36, nu=2.5)",-3.6492345828348993
267,Matern_nu_2.5,0.18329807108324356,"(0.01, 80.0)","Matern(length_scale=0.183, nu=2.5)",-3.6492345828348993
317,Matern_nu_2.5,2.06913808111479,"(0.01, 80.0)","Matern(length_scale=2.07, nu=2.5)",-3.6492345828348993
207,Matern_nu_2.5,0.01,"(0.01, 80.0)","Matern(length_scale=0.01, nu=2.5)",-3.6492345828348993
273,Matern_nu_2.5,0.29763514416313175,"(0.01, 40.0)","Matern(length_scale=0.298, nu=2.5)",-3.649234582834902
299,Matern_nu_2.5,0.7847599703514611,"(0.01, 100.0)","Matern(length_scale=0.785, nu=2.5)",-3.6492345828349038
290,Matern_nu_2.5,0.7847599703514611,"(0.01, 10.0)","Matern(length_scale=0.785, nu=2.5)",-3.6492345828349038
293,Matern_nu_2.5,0.7847599703514611,"(0.01, 40.0)","Matern(length_scale=0.785, nu=2.5)",-3.6492345828349038
296,Matern_nu_2.5,0.7847599703514611,"(0.01, 70.0)","Matern(length_scale=0.785, nu=2.5)",-3.6492345828349038
295,Matern_nu_2.5,0.7847599703514611,"(0.01, 60.0)","Matern(length_scale=0.785, nu=2.5)",-3.6492345828349038
325,Matern_nu_2.5,3.359818286283781,"(0.01, 60.0)","Matern(length_scale=3.36, nu=2.5)",-3.6492345828349073
263,Matern_nu_2.5,0.18329807108324356,"(0.01, 40.0)","Matern(length_scale=0.183, nu=2.5)",-3.6492345828349073
353,Matern_nu_2.5,14.38449888287663,"(0.01, 40.0)","Matern(length_scale=14.4, nu=2.5)",-3.6492345828349073
269,Matern_nu_2.5,0.18329807108324356,"(0.01, 100.0)","Matern(length_scale=0.183, nu=2.5)",-3.6492345828349073
349,Matern_nu_2.5,8.858667904100823,"(0.01, 100.0)","Matern(length_scale=8.86, nu=2.5)",-3.6492345828349073
319,Matern_nu_2.5,2.06913808111479,"(0.01, 100.0)","Matern(length_scale=2.07, nu=2.5)",-3.6492345828349073
243,Matern_nu_2.5,0.06951927961775606,"(0.01, 40.0)","Matern(length_scale=0.0695, nu=2.5)",-3.6492345828349073
323,Matern_nu_2.5,3.359818286283781,"(0.01, 40.0)","Matern(length_scale=3.36, nu=2.5)",-3.6492345828349073
343,Matern_nu_2.5,8.858667904100823,"(0.01, 40.0)","Matern(length_scale=8.86, nu=2.5)",-3.6492345828349073
249,Matern_nu_2.5,0.06951927961775606,"(0.01, 100.0)","Matern(length_scale=0.0695, nu=2.5)",-3.6492345828349073
339,Matern_nu_2.5,5.455594781168514,"(0.01, 100.0)","Matern(length_scale=5.46, nu=2.5)",-3.6492345828349073
253,Matern_nu_2.5,0.11288378916846889,"(0.01, 40.0)","Matern(length_scale=0.113, nu=2.5)",-3.6492345828349073
210,Matern_nu_2.5,0.016237767391887217,"(0.01, 10.0)","Matern(length_scale=0.0162, nu=2.5)",-3.6492345828349073
259,Matern_nu_2.5,0.11288378916846889,"(0.01, 100.0)","Matern(length_scale=0.113, nu=2.5)",-3.6492345828349073
333,Matern_nu_2.5,5.455594781168514,"(0.01, 40.0)","Matern(length_scale=5.46, nu=2.5)",-3.6492345828349073
279,Matern_nu_2.5,0.29763514416313175,"(0.01, 100.0)","Matern(length_scale=0.298, nu=2.5)",-3.6492345828349073
329,Matern_nu_2.5,3.359818286283781,"(0.01, 100.0)","Matern(length_scale=3.36, nu=2.5)",-3.6492345828349073
209,Matern_nu_2.5,0.01,"(0.01, 100.0)","Matern(length_scale=0.01, nu=2.5)",-3.6492345828349073
239,Matern_nu_2.5,0.04281332398719394,"(0.01, 100.0)","Matern(length_scale=0.0428, nu=2.5)",-3.6492345828349073
359,Matern_nu_2.5,14.38449888287663,"(0.01, 100.0)","Matern(length_scale=14.4, nu=2.5)",-3.6492345828349073
383,Matern_nu_2.5,61.584821106602604,"(0.01, 40.0)","Matern(length_scale=61.6, nu=2.5)",-3.6492345828349073
399,Matern_nu_2.5,100.0,"(0.01, 100.0)","Matern(length_scale=100, nu=2.5)",-3.6492345828349073
393,Matern_nu_2.5,100.0,"(0.01, 40.0)","Matern(length_scale=100, nu=2.5)",-3.6492345828349073
203,Matern_nu_2.5,0.01,"(0.01, 40.0)","Matern(length_scale=0.01, nu=2.5)",-3.6492345828349073
213,Matern_nu_2.5,0.016237767391887217,"(0.01, 40.0)","Matern(length_scale=0.0162, nu=2.5)",-3.6492345828349073
313,Matern_nu_2.5,2.06913808111479,"(0.01, 40.0)","Matern(length_scale=2.07, nu=2.5)",-3.6492345828349073
389,Matern_nu_2.5,61.584821106602604,"(0.01, 100.0)","Matern(length_scale=61.6, nu=2.5)",-3.6492345828349073
219,Matern_nu_2.5,0.016237767391887217,"(0.01, 100.0)","Matern(length_scale=0.0162, nu=2.5)",-3.6492345828349073
303,Matern_nu_2.5,1.2742749857031335,"(0.01, 40.0)","Matern(length_scale=1.27, nu=2.5)",-3.6492345828349073
379,Matern_nu_2.5,37.92690190732246,"(0.01, 100.0)","Matern(length_scale=37.9, nu=2.5)",-3.6492345828349073
229,Matern_nu_2.5,0.026366508987303583,"(0.01, 100.0)","Matern(length_scale=0.0264, nu=2.5)",-3.6492345828349073
373,Matern_nu_2.5,37.92690190732246,"(0.01, 40.0)","Matern(length_scale=37.9, nu=2.5)",-3.6492345828349073
233,Matern_nu_2.5,0.04281332398719394,"(0.01, 40.0)","Matern(length_scale=0.0428, nu=2.5)",-3.6492345828349073
369,Matern_nu_2.5,23.357214690901213,"(0.01, 100.0)","Matern(length_scale=23.4, nu=2.5)",-3.6492345828349073
363,Matern_nu_2.5,23.357214690901213,"(0.01, 40.0)","Matern(length_scale=23.4, nu=2.5)",-3.6492345828349073
309,Matern_nu_2.5,1.2742749857031335,"(0.01, 100.0)","Matern(length_scale=1.27, nu=2.5)",-3.6492345828349073
236,Matern_nu_2.5,0.04281332398719394,"(0.01, 70.0)","Matern(length_scale=0.0428, nu=2.5)",-3.649234582834909
230,Matern_nu_2.5,0.04281332398719394,"(0.01, 10.0)","Matern(length_scale=0.0428, nu=2.5)",-3.649234582834909
235,Matern_nu_2.5,0.04281332398719394,"(0.01, 60.0)","Matern(length_scale=0.0428, nu=2.5)",-3.649234582834909
270,Matern_nu_2.5,0.29763514416313175,"(0.01, 10.0)","Matern(length_scale=0.298, nu=2.5)",-3.649234582834909
276,Matern_nu_2.5,0.29763514416313175,"(0.01, 70.0)","Matern(length_scale=0.298, nu=2.5)",-3.6492345828349135
275,Matern_nu_2.5,0.29763514416313175,"(0.01, 60.0)","Matern(length_scale=0.298, nu=2.5)",-3.6492345828349135
300,Matern_nu_2.5,1.2742749857031335,"(0.01, 10.0)","Matern(length_scale=1.27, nu=2.5)",-3.6492345828349153
395,Matern_nu_2.5,100.0,"(0.01, 60.0)","Matern(length_scale=100, nu=2.5)",-3.649234582834917
255,Matern_nu_2.5,0.11288378916846889,"(0.01, 60.0)","Matern(length_scale=0.113, nu=2.5)",-3.649234582834917
335,Matern_nu_2.5,5.455594781168514,"(0.01, 60.0)","Matern(length_scale=5.46, nu=2.5)",-3.649234582834917
345,Matern_nu_2.5,8.858667904100823,"(0.01, 60.0)","Matern(length_scale=8.86, nu=2.5)",-3.649234582834917
355,Matern_nu_2.5,14.38449888287663,"(0.01, 60.0)","Matern(length_scale=14.4, nu=2.5)",-3.649234582834917
365,Matern_nu_2.5,23.357214690901213,"(0.01, 60.0)","Matern(length_scale=23.4, nu=2.5)",-3.649234582834917
375,Matern_nu_2.5,37.92690190732246,"(0.01, 60.0)","Matern(length_scale=37.9, nu=2.5)",-3.649234582834917
385,Matern_nu_2.5,61.584821106602604,"(0.01, 60.0)","Matern(length_scale=61.6, nu=2.5)",-3.649234582834917
205,Matern_nu_2.5,0.01,"(0.01, 60.0)","Matern(length_scale=0.01, nu=2.5)",-3.649234582834917
305,Matern_nu_2.5,1.2742749857031335,"(0.01, 60.0)","Matern(length_scale=1.27, nu=2.5)",-3.649234582834917
265,Matern_nu_2.5,0.18329807108324356,"(0.01, 60.0)","Matern(length_scale=0.183, nu=2.5)",-3.649234582834917
315,Matern_nu_2.5,2.06913808111479,"(0.01, 60.0)","Matern(length_scale=2.07, nu=2.5)",-3.649234582834917
225,Matern_nu_2.5,0.026366508987303583,"(0.01, 60.0)","Matern(length_scale=0.0264, nu=2.5)",-3.649234582834917
245,Matern_nu_2.5,0.06951927961775606,"(0.01, 60.0)","Matern(length_scale=0.0695, nu=2.5)",-3.649234582834917
215,Matern_nu_2.5,0.016237767391887217,"(0.01, 60.0)","Matern(length_scale=0.0162, nu=2.5)",-3.649234582834917
320,Matern_nu_2.5,3.359818286283781,"(0.01, 10.0)","Matern(length_scale=3.36, nu=2.5)",-3.6492345828349197
306,Matern_nu_2.5,1.2742749857031335,"(0.01, 70.0)","Matern(length_scale=1.27, nu=2.5)",-3.6492345828349197
390,Matern_nu_2.5,100.0,"(0.01, 10.0)","Matern(length_scale=100, nu=2.5)",-3.649234582834926
350,Matern_nu_2.5,14.38449888287663,"(0.01, 10.0)","Matern(length_scale=14.4, nu=2.5)",-3.649234582834926
360,Matern_nu_2.5,23.357214690901213,"(0.01, 10.0)","Matern(length_scale=23.4, nu=2.5)",-3.649234582834926
370,Matern_nu_2.5,37.92690190732246,"(0.01, 10.0)","Matern(length_scale=37.9, nu=2.5)",-3.649234582834926
380,Matern_nu_2.5,61.584821106602604,"(0.01, 10.0)","Matern(length_scale=61.6, nu=2.5)",-3.649234582834926
396,Matern_nu_2.5,100.0,"(0.01, 70.0)","Matern(length_scale=100, nu=2.5)",-3.649234582834927
386,Matern_nu_2.5,61.584821106602604,"(0.01, 70.0)","Matern(length_scale=61.6, nu=2.5)",-3.649234582834927
336,Matern_nu_2.5,5.455594781168514,"(0.01, 70.0)","Matern(length_scale=5.46, nu=2.5)",-3.649234582834927
246,Matern_nu_2.5,0.06951927961775606,"(0.01, 70.0)","Matern(length_scale=0.0695, nu=2.5)",-3.649234582834927
376,Matern_nu_2.5,37.92690190732246,"(0.01, 70.0)","Matern(length_scale=37.9, nu=2.5)",-3.649234582834927
256,Matern_nu_2.5,0.11288378916846889,"(0.01, 70.0)","Matern(length_scale=0.113, nu=2.5)",-3.649234582834927
326,Matern_nu_2.5,3.359818286283781,"(0.01, 70.0)","Matern(length_scale=3.36, nu=2.5)",-3.649234582834927
366,Matern_nu_2.5,23.357214690901213,"(0.01, 70.0)","Matern(length_scale=23.4, nu=2.5)",-3.649234582834927
206,Matern_nu_2.5,0.01,"(0.01, 70.0)","Matern(length_scale=0.01, nu=2.5)",-3.649234582834927
316,Matern_nu_2.5,2.06913808111479,"(0.01, 70.0)","Matern(length_scale=2.07, nu=2.5)",-3.649234582834927
356,Matern_nu_2.5,14.38449888287663,"(0.01, 70.0)","Matern(length_scale=14.4, nu=2.5)",-3.649234582834927
216,Matern_nu_2.5,0.016237767391887217,"(0.01, 70.0)","Matern(length_scale=0.0162, nu=2.5)",-3.649234582834927
266,Matern_nu_2.5,0.18329807108324356,"(0.01, 70.0)","Matern(length_scale=0.183, nu=2.5)",-3.649234582834927
346,Matern_nu_2.5,8.858667904100823,"(0.01, 70.0)","Matern(length_scale=8.86, nu=2.5)",-3.649234582834927
226,Matern_nu_2.5,0.026366508987303583,"(0.01, 70.0)","Matern(length_scale=0.0264, nu=2.5)",-3.649234582834927
330,Matern_nu_2.5,5.455594781168514,"(0.01, 10.0)","Matern(length_scale=5.46, nu=2.5)",-3.6492345828349277
250,Matern_nu_2.5,0.11288378916846889,"(0.01, 10.0)","Matern(length_scale=0.113, nu=2.5)",-3.6492345828349277
340,Matern_nu_2.5,8.858667904100823,"(0.01, 10.0)","Matern(length_scale=8.86, nu=2.5)",-3.6492345828349277
220,Matern_nu_2.5,0.026366508987303583,"(0.01, 10.0)","Matern(length_scale=0.0264, nu=2.5)",-3.6492345828349277
240,Matern_nu_2.5,0.06951927961775606,"(0.01, 10.0)","Matern(length_scale=0.0695, nu=2.5)",-3.6492345828349277
310,Matern_nu_2.5,2.06913808111479,"(0.01, 10.0)","Matern(length_scale=2.07, nu=2.5)",-3.6492345828349277
260,Matern_nu_2.5,0.18329807108324356,"(0.01, 10.0)","Matern(length_scale=0.183, nu=2.5)",-3.6492345828349277
200,Matern_nu_2.5,0.01,"(0.01, 10.0)","Matern(length_scale=0.01, nu=2.5)",-3.6492345828349277
